{
  "hash": "61b6b408",
  "configHash": "6b9bc9ba",
  "lockfileHash": "c4f6bea2",
  "browserHash": "9a1d440f",
  "optimized": {
    "@angular/core": {
      "src": "../../../../../node_modules/@angular/core/fesm2022/core.mjs",
      "file": "@angular_core.js",
      "fileHash": "dfb86fb6",
      "needsInterop": false
    },
    "@angular/platform-browser": {
      "src": "../../../../../node_modules/@angular/platform-browser/fesm2022/platform-browser.mjs",
      "file": "@angular_platform-browser.js",
      "fileHash": "64028f4c",
      "needsInterop": false
    },
    "@angular/router": {
      "src": "../../../../../node_modules/@angular/router/fesm2022/router.mjs",
      "file": "@angular_router.js",
      "fileHash": "08c53da4",
      "needsInterop": false
    },
    "@angular/forms": {
      "src": "../../../../../node_modules/@angular/forms/fesm2022/forms.mjs",
      "file": "@angular_forms.js",
      "fileHash": "e8b900e4",
      "needsInterop": false
    },
    "@angular/common": {
      "src": "../../../../../node_modules/@angular/common/fesm2022/common.mjs",
      "file": "@angular_common.js",
      "fileHash": "8e505be9",
      "needsInterop": false
    },
    "@angular/common/http": {
      "src": "../../../../../node_modules/@angular/common/fesm2022/http.mjs",
      "file": "@angular_common_http.js",
      "fileHash": "121af9ee",
      "needsInterop": false
    }
  },
  "chunks": {
    "chunk-4APWWOSI": {
      "file": "chunk-4APWWOSI.js"
    },
    "chunk-77WGMLQR": {
      "file": "chunk-77WGMLQR.js"
    },
    "chunk-KE6OPGWW": {
      "file": "chunk-KE6OPGWW.js"
    },
    "chunk-B4H4H6OD": {
      "file": "chunk-B4H4H6OD.js"
    }
  }
}